INSERT INTO `towerdefensemain`.`goods` (`id`, `name`, `price`) VALUES ('1', 'Дорожные шипы', '120');
INSERT INTO `towerdefensemain`.`goods` (`id`, `name`, `price`) VALUES ('2', 'Баррикада', '100');
INSERT INTO `towerdefensemain`.`goods` (`id`, `name`, `price`) VALUES ('3', 'Элитный лучник', '250');
INSERT INTO `towerdefensemain`.`goods` (`id`, `name`, `price`) VALUES ('4', 'Тотем усиления', '150');
INSERT INTO `towerdefensemain`.`goods` (`id`, `name`, `price`) VALUES ('5', 'Высотка', '200');
INSERT INTO `towerdefensemain`.`goods` (`id`, `name`, `price`) VALUES ('6', 'Дерево восполнения', '300');
INSERT INTO `towerdefensemain`.`goods` (`id`, `name`, `price`) VALUES ('7', 'Дерево лечения', '500');
INSERT INTO `towerdefensemain`.`goods` (`id`, `name`, `price`) VALUES ('8', 'Тотем проклятия', '300');
INSERT INTO `towerdefensemain`.`goods` (`id`, `name`, `price`) VALUES ('9', 'Страж', '500');
INSERT INTO `towerdefensemain`.`goods` (`id`, `name`, `price`) VALUES ('10', 'Замораживающая ловушка', '200');

INSERT INTO `towerdefensemain`.`powers` (`Name`, `Feature`, `Price`) VALUES ('Щит', 'Дает щит, увеличивающий общее количество здоровья в данной игре.', '150');
INSERT INTO `towerdefensemain`.`powers` (`Name`, `Feature`, `Price`) VALUES ('Пополнение счета', 'Один раз дает валюту в размере 20% от текущей в данной игре', '500');
INSERT INTO `towerdefensemain`.`powers` (`Name`, `Feature`, `Price`) VALUES ('Ударная волна', 'Наносит один раз урон всем противникам', '250');
INSERT INTO `towerdefensemain`.`powers` (`Name`, `Feature`, `Price`) VALUES ('Усиление', 'На 10% повышает все характеристики башен в данной игре', '400');
INSERT INTO `towerdefensemain`.`powers` (`Name`, `Feature`, `Price`) VALUES ('Проклятье', 'Замедляет и отравляет всех врагов в текущей волне', '150');
INSERT INTO `towerdefensemain`.`powers` (`Name`, `Feature`, `Price`) VALUES ('Мешок золота', 'Дает +50% валюты, исходя из текущей', '500');
INSERT INTO `towerdefensemain`.`powers` (`Name`, `Feature`, `Price`) VALUES ('Сапоги-скороходы', 'На 15% повышает скорость передвижения героя в данной игре', '300');
INSERT INTO `towerdefensemain`.`powers` (`Name`, `Feature`, `Price`) VALUES ('Колючая лоза', 'Наносит повреждения вышедшим врагам, в размере 10% от общего их здоровья', '500');
INSERT INTO `towerdefensemain`.`powers` (`Name`, `Feature`, `Price`) VALUES ('Дорога слабости', 'Все враги наносят на 10% меньше урона при выходе.', '400');
INSERT INTO `towerdefensemain`.`powers` (`Name`, `Feature`, `Price`) VALUES ('Волна заморозки', 'Останавливает всех врагов на 3 сек', '300');

INSERT INTO `towerdefensemain`.`equipments` (`Name`, `Description`, `Conditions`) VALUES ('Деревянный лук', 'Обычный деревянный лук для Адоры, чуть сильнее ее изначального оружия', 'Уровень: 5; Только для Адоры');
INSERT INTO `towerdefensemain`.`equipments` (`Name`, `Description`, `Conditions`) VALUES ('Железный топор', 'Намного сильнее первоначального деревянного оружия Грема, есть шанс нанести крит. Удар.', 'Уровень: 5; Сила: 10; Только для Грема');
INSERT INTO `towerdefensemain`.`equipments` (`Name`, `Description`, `Conditions`) VALUES ('Кожаная броня', 'Средняя броня для любого героя, немного повышает защиту от физических атак.', 'Уровень: 5; Сила: 5; Ловкость: 5');
INSERT INTO `towerdefensemain`.`equipments` (`Name`, `Description`, `Conditions`) VALUES ('Посох огня', 'Продвинутый посох мага, увеличивает урон башен вокруг, атакует огненными шарами.', 'Уровень: 12; Интеллект: 10; Только для Ангора');
INSERT INTO `towerdefensemain`.`equipments` (`Name`, `Description`, `Conditions`) VALUES ('Амулет силы', 'Повышает силу на 2 у любого героя', 'Уровень: 10; Интеллект: 5');
INSERT INTO `towerdefensemain`.`equipments` (`Name`, `Description`, `Conditions`) VALUES ('Стальная броня', 'Повышает защиту от физических атак, но уменьшает скорость передвижения на 10%', 'Уровень: 20; Сила: 20');
INSERT INTO `towerdefensemain`.`equipments` (`Name`, `Description`, `Conditions`) VALUES ('Стальной посох', 'Увеличивает стандартный урон на 10', 'Уровень: 10; Интеллект: 5; Сила: 10; Только для Палона');
INSERT INTO `towerdefensemain`.`equipments` (`Name`, `Description`, `Conditions`) VALUES ('Лиственный плащ', 'Повышает все характеристики на 10', 'Уровень: 30; Интеллект: 5; Только для Якса');
INSERT INTO `towerdefensemain`.`equipments` (`Name`, `Description`, `Conditions`) VALUES ('Ледяной молот', 'Бонус к урону, также ненадолго замораживает врагов', 'Уровень: 30; Сила: 30; Только для Эмдала');
INSERT INTO `towerdefensemain`.`equipments` (`Name`, `Description`, `Conditions`) VALUES ('Амулет атаки', 'Бонус к урону +50% от текущего.', 'Уровень: 30');

INSERT INTO `towerdefensemain`.`characteristic` (`Name`) VALUES ('Защита');
INSERT INTO `towerdefensemain`.`characteristic` (`Name`) VALUES ('Количество');
INSERT INTO `towerdefensemain`.`characteristic` (`Name`) VALUES ('Сила');
INSERT INTO `towerdefensemain`.`characteristic` (`Name`) VALUES ('Здоровье');
INSERT INTO `towerdefensemain`.`characteristic` (`Name`) VALUES ('Дальность атаки');
INSERT INTO `towerdefensemain`.`characteristic` (`Name`) VALUES ('Урон');
INSERT INTO `towerdefensemain`.`characteristic` (`Name`) VALUES ('Скорость атаки');
INSERT INTO `towerdefensemain`.`characteristic` (`Name`) VALUES ('Ловкость');
INSERT INTO `towerdefensemain`.`characteristic` (`Name`) VALUES ('Скорость');
INSERT INTO `towerdefensemain`.`characteristic` (`Name`) VALUES ('Атака');

INSERT INTO `towerdefensemain`.`users` (`Name`, `IsAdmin`, `Money`) VALUES ('Gravet', '1', '9999');
INSERT INTO `towerdefensemain`.`users` (`Name`, `IsAdmin`, `Money`) VALUES ('Yarglek', '0', '1500');
INSERT INTO `towerdefensemain`.`users` (`Name`, `IsAdmin`, `Money`) VALUES ('Vanya', '1', '12300');
INSERT INTO `towerdefensemain`.`users` (`Name`, `IsAdmin`, `Money`) VALUES ('SuperLord', '0', '2500');
INSERT INTO `towerdefensemain`.`users` (`Name`, `IsAdmin`, `Money`) VALUES ('qwerty112345', '0', '1234');
INSERT INTO `towerdefensemain`.`users` (`Name`, `IsAdmin`, `Money`) VALUES ('Kraken', '0', '1200');
INSERT INTO `towerdefensemain`.`users` (`Name`, `IsAdmin`, `Money`) VALUES ('Petya', '1', '5000');
INSERT INTO `towerdefensemain`.`users` (`Name`, `IsAdmin`, `Money`) VALUES ('Geroy', '0', '17584');
INSERT INTO `towerdefensemain`.`users` (`Name`, `IsAdmin`, `Money`) VALUES ('Irtek', '0', '0');
INSERT INTO `towerdefensemain`.`users` (`Name`, `IsAdmin`, `Money`) VALUES ('Ray', '0', '12005');

INSERT INTO `towerdefensemain`.`enemies` (`ModelURL`) VALUES ('/models/enemy1.png');
INSERT INTO `towerdefensemain`.`enemies` (`ModelURL`) VALUES ('/models/enemy2.png');
INSERT INTO `towerdefensemain`.`enemies` (`ModelURL`) VALUES ('/models/enemy3.png');
INSERT INTO `towerdefensemain`.`enemies` (`ModelURL`) VALUES ('/models/enemy4.png');
INSERT INTO `towerdefensemain`.`enemies` (`ModelURL`) VALUES ('/models/enemy5.png');
INSERT INTO `towerdefensemain`.`enemies` (`ModelURL`) VALUES ('/models/enemy6.png');
INSERT INTO `towerdefensemain`.`enemies` (`ModelURL`) VALUES ('/models/enemy7.png');
INSERT INTO `towerdefensemain`.`enemies` (`ModelURL`) VALUES ('/models/enemy8.png');
INSERT INTO `towerdefensemain`.`enemies` (`ModelURL`) VALUES ('/models/enemy9.png');
INSERT INTO `towerdefensemain`.`enemies` (`ModelURL`) VALUES ('/models/enemy10.png');

INSERT INTO `towerdefensemain`.`pumps` (`Name`, `Price`, `Level`) VALUES ('Увеличенный урон башен', '1500', '2');
INSERT INTO `towerdefensemain`.`pumps` (`Name`, `Price`, `Level`) VALUES ('Увеличенная дальность башен', '1000', '2');
INSERT INTO `towerdefensemain`.`pumps` (`Name`, `Price`, `Level`) VALUES ('Все товары дешевле', '3285', '3');
INSERT INTO `towerdefensemain`.`pumps` (`Name`, `Price`, `Level`) VALUES ('Урон всех героев выше', '11250', '5');
INSERT INTO `towerdefensemain`.`pumps` (`Name`, `Price`, `Level`) VALUES ('Щит в начале раунда', '850', '2');
INSERT INTO `towerdefensemain`.`pumps` (`Name`, `Price`, `Level`) VALUES ('Больше денег с врагов', '10000', '5');
INSERT INTO `towerdefensemain`.`pumps` (`Name`, `Price`, `Level`) VALUES ('Больше бонус с товаров', '1200', '2');
INSERT INTO `towerdefensemain`.`pumps` (`Name`, `Price`, `Level`) VALUES ('Больше жизней в каждой игре', '200', '1');
INSERT INTO `towerdefensemain`.`pumps` (`Name`, `Price`, `Level`) VALUES ('Герои сильнее', '8200', '4');
INSERT INTO `towerdefensemain`.`pumps` (`Name`, `Price`, `Level`) VALUES ('Все награды выше', '6000', '4');

INSERT INTO `towerdefensemain`.`levels` (`Number`) VALUES ('0');
INSERT INTO `towerdefensemain`.`levels` (`Number`) VALUES ('1');
INSERT INTO `towerdefensemain`.`levels` (`Number`) VALUES ('2');
INSERT INTO `towerdefensemain`.`levels` (`Number`) VALUES ('3');
INSERT INTO `towerdefensemain`.`levels` (`Number`) VALUES ('4');
INSERT INTO `towerdefensemain`.`levels` (`Number`) VALUES ('5');
INSERT INTO `towerdefensemain`.`levels` (`Number`) VALUES ('6');
INSERT INTO `towerdefensemain`.`levels` (`Number`) VALUES ('7');
INSERT INTO `towerdefensemain`.`levels` (`Number`) VALUES ('10');
INSERT INTO `towerdefensemain`.`levels` (`Number`) VALUES ('12');
INSERT INTO `towerdefensemain`.`levels` (`Number`) VALUES ('13');
INSERT INTO `towerdefensemain`.`levels` (`Number`) VALUES ('14');
INSERT INTO `towerdefensemain`.`levels` (`Number`) VALUES ('15');
INSERT INTO `towerdefensemain`.`levels` (`Number`) VALUES ('18');
INSERT INTO `towerdefensemain`.`levels` (`Number`) VALUES ('20');
INSERT INTO `towerdefensemain`.`levels` (`Number`) VALUES ('23');
INSERT INTO `towerdefensemain`.`levels` (`Number`) VALUES ('25');
INSERT INTO `towerdefensemain`.`levels` (`Number`) VALUES ('30');
INSERT INTO `towerdefensemain`.`levels` (`Number`) VALUES ('45');
INSERT INTO `towerdefensemain`.`levels` (`Number`) VALUES ('56');
INSERT INTO `towerdefensemain`.`levels` (`Number`) VALUES ('87');
INSERT INTO `towerdefensemain`.`levels` (`Number`) VALUES ('100');

INSERT INTO `towerdefensemain`.`heroes` (`Name`, `Feature`, `Biography`, `LevelNumber`) VALUES ('Адора', 'Лучница, быстрая стрельба, ядовитые стрелы.', 'Родилась неподалеку от реки «Элебра», любила эту реку, и прилежащий к нему лес. Позже решила защищать реку и лес от незваных гостей', '1');
INSERT INTO `towerdefensemain`.`heroes` (`Name`, `Feature`, `Biography`, `LevelNumber`) VALUES ('Аркантус', 'Герой ближнего боя, большой и быстрый урон.', 'Родился в деревне неподалеку от леса, в детстве вредил лесу, срубая ветки с деревьев, в то время сделал себе первое свое копье(именно с ним он сейчас ходит) позже, после того, как он увидел энта, понял что лес живой, и то, что в свое время ему очень вредил, встал на защиту лесных просторов, оставил себе сделанное когда-то копье, в знак напоминания, что ему нужно делать.', '5');
INSERT INTO `towerdefensemain`.`heroes` (`Name`, `Feature`, `Biography`, `LevelNumber`) VALUES ('Элизи', 'Ведьма, атакующая на коротком расстоянии, понижает характеристики врагов при атаке', 'Единственная ведьма на весь лес, неизвестно откуда она, и как пришла к такой жизни. Никому не позволит подойти к своему убежищу(Самый старый в лесу Энт) именно поэтому она решила помочь в защите леса.', '10');
INSERT INTO `towerdefensemain`.`heroes` (`Name`, `Feature`, `Biography`, `LevelNumber`) VALUES ('Грем', 'Танк, ближний бой, останавливает противников пока дерется с ними, имеет большой запас здоровья.', 'Сын лесоруба. Многие лесные жители его не любят, он был и есть лесоруб, но лесоруб, который не позволит трогать его дереавья, он встал на защиту леса только со своими коварными целями, в любой момент может предать наше дело.', '10');
INSERT INTO `towerdefensemain`.`heroes` (`Name`, `Feature`, `Biography`, `LevelNumber`) VALUES ('Ангор', 'Маг, усиливает все башни по близости, атакует быстро на короткое расстояние.', 'Пришел из дальних земель, по его словам, он там оставил приемника защищать те земли, но неизвестно где эти земли, маг издает усиливающую ауру.', '12');
INSERT INTO `towerdefensemain`.`heroes` (`Name`, `Feature`, `Biography`, `LevelNumber`) VALUES ('Якс', 'Друид, атакующий магией природы', 'Человек, выросший среди деревьев, воспитанный энтами, без раздумий вставший на защиту леса', '15');
INSERT INTO `towerdefensemain`.`heroes` (`Name`, `Feature`, `Biography`, `LevelNumber`) VALUES ('Палон', 'Быстрый лучник с посохом, имеющий как ближний, так и дальний бой', 'Все детство в своей деревне стрелял из лука и дрался с друзьями на палках, в итоге овладел искусством лучника и боя на посохах. Любит природу, и не любит когда ей вредят.', '15');
INSERT INTO `towerdefensemain`.`heroes` (`Name`, `Feature`, `Biography`, `LevelNumber`) VALUES ('Эмдал', 'Медленный танк, атакующий по области', 'Кузнец из далеких земель, после потери смысла делать оружие, после долгих поисков дела, решил помочь защищать лес.', '18');
INSERT INTO `towerdefensemain`.`heroes` (`Name`, `Feature`, `Biography`, `LevelNumber`) VALUES ('Сейрус', 'Воин, иногда входящий в невидимость', 'Обучался в храме «Дэла», освоил искусство вхождения в невидимость, наемник, брат Кастора', '20');
INSERT INTO `towerdefensemain`.`heroes` (`Name`, `Feature`, `Biography`, `LevelNumber`) VALUES ('Кастор', 'Воин, быстро атакующий своими двумя клинками.', 'Обучался в храме «Дэла», обладал наивысшей скоростью атаки в храме, наемник, брат Сейруса.', '25');

INSERT INTO `towerdefensemain`.`maps` (`Name`, `Waves`, `LevelNumber`) VALUES ('Лесная опушка', '20', '0');
INSERT INTO `towerdefensemain`.`maps` (`Name`, `Waves`, `LevelNumber`) VALUES ('Лес', '50', '0');
INSERT INTO `towerdefensemain`.`maps` (`Name`, `Waves`, `LevelNumber`) VALUES ('Река Элебра', '80', '3');
INSERT INTO `towerdefensemain`.`maps` (`Name`, `Waves`, `LevelNumber`) VALUES ('Старейший Энт', '30', '6');
INSERT INTO `towerdefensemain`.`maps` (`Name`, `Waves`, `LevelNumber`) VALUES ('Деревня', '50', '10');
INSERT INTO `towerdefensemain`.`maps` (`Name`, `Waves`, `LevelNumber`) VALUES ('Тропа в лес', '0', '10');
INSERT INTO `towerdefensemain`.`maps` (`Name`, `Waves`, `LevelNumber`) VALUES ('Храм Дэла', '100', '12');
INSERT INTO `towerdefensemain`.`maps` (`Name`, `Waves`, `LevelNumber`) VALUES ('Холм Агарот', '120', '15');
INSERT INTO `towerdefensemain`.`maps` (`Name`, `Waves`, `LevelNumber`) VALUES ('Мост Элебры', '50', '20');
INSERT INTO `towerdefensemain`.`maps` (`Name`, `Waves`, `LevelNumber`) VALUES ('Поле', '0', '25');

INSERT INTO `towerdefensemain`.`achievements` (`Name`, `Reward`, `LevelNumber`) VALUES ('Пройти все карты', '100000', '0');
INSERT INTO `towerdefensemain`.`achievements` (`Name`, `Reward`, `LevelNumber`) VALUES ('Открыть всех героев', '3000', '0');
INSERT INTO `towerdefensemain`.`achievements` (`Name`, `Reward`, `LevelNumber`) VALUES ('Пройти 3 эвента', '1000', '3');
INSERT INTO `towerdefensemain`.`achievements` (`Name`, `Reward`, `LevelNumber`) VALUES ('Пройти 5 эвентов', '3000', '3');
INSERT INTO `towerdefensemain`.`achievements` (`Name`, `Reward`, `LevelNumber`) VALUES ('Уничтожить 5000 врагов', '5000', '5');
INSERT INTO `towerdefensemain`.`achievements` (`Name`, `Reward`, `LevelNumber`) VALUES ('Экипировать одного героя', '1000', '0');
INSERT INTO `towerdefensemain`.`achievements` (`Name`, `Reward`, `LevelNumber`) VALUES ('Использовать все способности по 1 разу', '3000', '0');
INSERT INTO `towerdefensemain`.`achievements` (`Name`, `Reward`, `LevelNumber`) VALUES ('Повысить один из видов прокачки до 5 уровня', '14000', '0');
INSERT INTO `towerdefensemain`.`achievements` (`Name`, `Reward`, `LevelNumber`) VALUES ('Использовать одну из способностей 10 раз', '10000', '5');
INSERT INTO `towerdefensemain`.`achievements` (`Name`, `Reward`, `LevelNumber`) VALUES ('Прокачать любого из героев до уровня 30', '10000', '7');

INSERT INTO `towerdefensemain`.`towers` (`Name`, `ModelURL`, `ImageURL`, `LevelNumber`) VALUES ('Лесничий', '/models/tower1.png', '/images/tower1.png', '1');
INSERT INTO `towerdefensemain`.`towers` (`Name`, `ModelURL`, `ImageURL`, `LevelNumber`) VALUES ('Грибник', '/models/tower2.png', '/images/tower2.png', '2');
INSERT INTO `towerdefensemain`.`towers` (`Name`, `ModelURL`, `ImageURL`, `LevelNumber`) VALUES ('Древень', '/models/tower3.png', '/images/tower3.png', '5');
INSERT INTO `towerdefensemain`.`towers` (`Name`, `ModelURL`, `ImageURL`, `LevelNumber`) VALUES ('Маг', '/models/tower4.png', '/images/tower4.png', '10');
INSERT INTO `towerdefensemain`.`towers` (`Name`, `ModelURL`, `ImageURL`, `LevelNumber`) VALUES ('Алхимик', '/models/tower5.png', '/images/tower5.png', '15');
INSERT INTO `towerdefensemain`.`towers` (`Name`, `ModelURL`, `ImageURL`, `LevelNumber`) VALUES ('Друид', '/models/tower6.png', '/images/tower6.png', '15');
INSERT INTO `towerdefensemain`.`towers` (`Name`, `ModelURL`, `ImageURL`, `LevelNumber`) VALUES ('Эмп', '/models/tower7.png', '/images/tower7.png', '20');
INSERT INTO `towerdefensemain`.`towers` (`Name`, `ModelURL`, `ImageURL`, `LevelNumber`) VALUES ('Дриада', '/models/tower8.png', '/images/tower8.png', '25');
INSERT INTO `towerdefensemain`.`towers` (`Name`, `ModelURL`, `ImageURL`, `LevelNumber`) VALUES ('Энт', '/models/tower9.png', '/images/tower9.png', '25');
INSERT INTO `towerdefensemain`.`towers` (`Name`, `ModelURL`, `ImageURL`, `LevelNumber`) VALUES ('Эльф', '/models/tower10.png', '/images/tower10.png', '30');

INSERT INTO `towerdefensemain`.`valuesofcharacteristic` (`Value`, `Characteristic_ID`, `Equipment_ID`) VALUES ('150', '1', '1');
INSERT INTO `towerdefensemain`.`valuesofcharacteristic` (`Value`, `Characteristic_ID`, `Power_ID`) VALUES ('50', '2', '2');
INSERT INTO `towerdefensemain`.`valuesofcharacteristic` (`Value`, `Characteristic_ID`, `Hero_ID`) VALUES ('20', '3', '3');
INSERT INTO `towerdefensemain`.`valuesofcharacteristic` (`Value`, `Characteristic_ID`, `Enemy_ID`) VALUES ('300', '4', '4');
INSERT INTO `towerdefensemain`.`valuesofcharacteristic` (`Value`, `Characteristic_ID`, `Tower_ID`) VALUES ('15', '5', '5');
INSERT INTO `towerdefensemain`.`valuesofcharacteristic` (`Value`, `Characteristic_ID`, `Power_ID`) VALUES ('20', '6', '6');
INSERT INTO `towerdefensemain`.`valuesofcharacteristic` (`Value`, `Characteristic_ID`, `Tower_ID`) VALUES ('100', '7', '10');
INSERT INTO `towerdefensemain`.`valuesofcharacteristic` (`Value`, `Characteristic_ID`, `Hero_ID`) VALUES ('50', '8', '8');
INSERT INTO `towerdefensemain`.`valuesofcharacteristic` (`Value`, `Characteristic_ID`, `Enemy_ID`) VALUES ('70', '9', '7');
INSERT INTO `towerdefensemain`.`valuesofcharacteristic` (`Value`, `Characteristic_ID`, `Equipment_ID`) VALUES ('50', '10', '9');

INSERT INTO `towerdefensemain`.`users_to_goods` (`user_ID`, `good_ID`) VALUES ('1', '5');
INSERT INTO `towerdefensemain`.`users_to_goods` (`user_ID`, `good_ID`) VALUES ('2', '2');
INSERT INTO `towerdefensemain`.`users_to_goods` (`user_ID`, `good_ID`) VALUES ('4', '2');
INSERT INTO `towerdefensemain`.`users_to_goods` (`user_ID`, `good_ID`) VALUES ('4', '1');
INSERT INTO `towerdefensemain`.`users_to_goods` (`user_ID`, `good_ID`) VALUES ('5', '4');
INSERT INTO `towerdefensemain`.`users_to_goods` (`user_ID`, `good_ID`) VALUES ('6', '8');
INSERT INTO `towerdefensemain`.`users_to_goods` (`user_ID`, `good_ID`) VALUES ('6', '10');
INSERT INTO `towerdefensemain`.`users_to_goods` (`user_ID`, `good_ID`) VALUES ('8', '6');
INSERT INTO `towerdefensemain`.`users_to_goods` (`user_ID`, `good_ID`) VALUES ('10', '2');
INSERT INTO `towerdefensemain`.`users_to_goods` (`user_ID`, `good_ID`) VALUES ('10', '6');

INSERT INTO `towerdefensemain`.`users_to_powers` (`user_ID`, `power_ID`) VALUES ('1', '3');
INSERT INTO `towerdefensemain`.`users_to_powers` (`user_ID`, `power_ID`) VALUES ('2', '4');
INSERT INTO `towerdefensemain`.`users_to_powers` (`user_ID`, `power_ID`) VALUES ('2', '5');
INSERT INTO `towerdefensemain`.`users_to_powers` (`user_ID`, `power_ID`) VALUES ('4', '5');
INSERT INTO `towerdefensemain`.`users_to_powers` (`user_ID`, `power_ID`) VALUES ('5', '2');
INSERT INTO `towerdefensemain`.`users_to_powers` (`user_ID`, `power_ID`) VALUES ('6', '2');
INSERT INTO `towerdefensemain`.`users_to_powers` (`user_ID`, `power_ID`) VALUES ('7', '3');
INSERT INTO `towerdefensemain`.`users_to_powers` (`user_ID`, `power_ID`) VALUES ('7', '6');
INSERT INTO `towerdefensemain`.`users_to_powers` (`user_ID`, `power_ID`) VALUES ('8', '7');
INSERT INTO `towerdefensemain`.`users_to_powers` (`user_ID`, `power_ID`) VALUES ('8', '9');

INSERT INTO `towerdefensemain`.`users_to_heroes` (`user_ID`, `hero_ID`) VALUES ('1', '1');
INSERT INTO `towerdefensemain`.`users_to_heroes` (`user_ID`, `hero_ID`) VALUES ('3', '2');
INSERT INTO `towerdefensemain`.`users_to_heroes` (`user_ID`, `hero_ID`) VALUES ('3', '5');
INSERT INTO `towerdefensemain`.`users_to_heroes` (`user_ID`, `hero_ID`) VALUES ('4', '3');
INSERT INTO `towerdefensemain`.`users_to_heroes` (`user_ID`, `hero_ID`) VALUES ('5', '1');
INSERT INTO `towerdefensemain`.`users_to_heroes` (`user_ID`, `hero_ID`) VALUES ('6', '1');
INSERT INTO `towerdefensemain`.`users_to_heroes` (`user_ID`, `hero_ID`) VALUES ('7', '2');
INSERT INTO `towerdefensemain`.`users_to_heroes` (`user_ID`, `hero_ID`) VALUES ('7', '8');
INSERT INTO `towerdefensemain`.`users_to_heroes` (`user_ID`, `hero_ID`) VALUES ('8', '2');
INSERT INTO `towerdefensemain`.`users_to_heroes` (`user_ID`, `hero_ID`) VALUES ('9', '4');

INSERT INTO `towerdefensemain`.`users_to_pumps` (`user_ID`, `pump_ID`) VALUES ('1', '3');
INSERT INTO `towerdefensemain`.`users_to_pumps` (`user_ID`, `pump_ID`) VALUES ('2', '4');
INSERT INTO `towerdefensemain`.`users_to_pumps` (`user_ID`, `pump_ID`) VALUES ('3', '5');
INSERT INTO `towerdefensemain`.`users_to_pumps` (`user_ID`, `pump_ID`) VALUES ('3', '4');
INSERT INTO `towerdefensemain`.`users_to_pumps` (`user_ID`, `pump_ID`) VALUES ('5', '5');
INSERT INTO `towerdefensemain`.`users_to_pumps` (`user_ID`, `pump_ID`) VALUES ('6', '3');
INSERT INTO `towerdefensemain`.`users_to_pumps` (`user_ID`, `pump_ID`) VALUES ('6', '5');
INSERT INTO `towerdefensemain`.`users_to_pumps` (`user_ID`, `pump_ID`) VALUES ('6', '6');
INSERT INTO `towerdefensemain`.`users_to_pumps` (`user_ID`, `pump_ID`) VALUES ('7', '2');
INSERT INTO `towerdefensemain`.`users_to_pumps` (`user_ID`, `pump_ID`) VALUES ('8', '2');

INSERT INTO `towerdefensemain`.`events` (`Description`, `Conditions`, `CountOFConditions`, `Reward`, `Name`, `DateStart`) VALUES ('Вредители вторгаются в наш лес, уничтожим их.', '1)Пройти карту «Лесная опушка» менее чем за 10 минут 2)Уничтожить противника «вредитель» 10 шт. 3)Использовать товар «тотем усиления» 1 раз', '3', '2500', 'Вторжение вредителей', '2020.10.05');
INSERT INTO `towerdefensemain`.`events` (`Description`, `Conditions`, `CountOFConditions`, `Reward`, `Name`, `DateStart`) VALUES ('В нашем лесу сейчас стоят великие деревья «энты» их древесина магическая, многие хотели бы ее заполучить, нельзя позволить уничтожить эти великие создания', '1)Пройти карту «Лес» не используя башню типа «Энт» 2)Пройти карту «Лесная опушка» менее чем за 15 минут 3)Использовать башню «Лесничий» 10 раз', '3', '5000', 'Великий лес', '2020.12.07');
INSERT INTO `towerdefensemain`.`events` (`Description`, `Conditions`, `CountOFConditions`, `Reward`, `Name`, `DateStart`) VALUES ('Некоторые злые личности хотят построить платину, заблокировав тем самый свободный ход реки, не позволим разрушать то, что создала природа!', '1)Пройти карту «Элебра» 2)Использовать способность «Щит» 3 раза 3)Получить героя «Адора»', '3', '12500', 'Река Элебра', '2021.07.02');
INSERT INTO `towerdefensemain`.`events` (`Description`, `Conditions`, `CountOFConditions`, `Reward`, `Name`, `DateStart`) VALUES ('Правильные грибники знают как важно беречь лес, знают как получить то, что им надо не повредив природу, есть также неправильные грибники, которые только и знают, что вредить природе, пусть же их научат уму разуму.', '1)Использовать башню «Грибник» 25 раз 2)Пройти карту «Лес» используя как минимум 2 башни «Грибник» 3)Использовать способность «Ударная волна» 1 раз', '3', '7500', 'Грибники', '2021.12.05');
INSERT INTO `towerdefensemain`.`events` (`Description`, `Conditions`, `CountOFConditions`, `Reward`, `Name`, `DateStart`) VALUES ('Много героев защищают наш лес, так поможем же им.', '1)Пройти карту «Лесная опушка»  2)Пройти карту «Лес» 3)Пройти карту «Элебра» 4)Получить героя «Аркантус» 5)Получить героя «Элизи»', '5', '15000', 'Защитники леса', '2022.03.02');
INSERT INTO `towerdefensemain`.`events` (`Description`, `Conditions`, `CountOFConditions`, `Reward`, `Name`, `DateStart`) VALUES ('Грем-лесоруб вдруг решил защищать наш лес, надо бы помочь ему в этом деле.', '1)Получить героя «Грем» 2)Пройти карту «Лес» 3)Уничтожить 300 противников', '3', '5000', 'Добро есть в зле', '2022.09.05');
INSERT INTO `towerdefensemain`.`events` (`Description`, `Conditions`, `CountOFConditions`, `Reward`, `Name`, `DateStart`) VALUES ('На наш лес снова напали, благо к нам на помощь пришел новый герой-маг.', '1)Получить героя «Ангор» 2)Пройти карту «Элебра» 3)Использовать способность «Волна заморозки» 1 раз', '3', '5000', 'Магия с нами', '2022.12.12');
INSERT INTO `towerdefensemain`.`events` (`Description`, `Conditions`, `CountOFConditions`, `Reward`, `Name`, `DateStart`) VALUES ('Сотни врагов наступают, на защиту!!!', '1)Пройти карту «Лес» и уничтожить на ней 100 врагов 2)Пройти карту «Элебра» и уничтожить на ней 100 врагов 3)Пройти карту «Лесная опушка» и уничтожить на ней 100 врагов', '3', '10000', 'Волны врагов', '2023.01.01');
INSERT INTO `towerdefensemain`.`events` (`Description`, `Conditions`, `CountOFConditions`, `Reward`, `Name`, `DateStart`) VALUES ('Поддержка великих шаманов нам необходима, это поможет нам лучше переживать эти трудные времена', '1)Использовать способность «Колючая лоза» 3 раза 2)Использовать способность «Проклятье» 3 раза', '2', '12000', 'Дополнительная поддержка', '2023.03.05');
INSERT INTO `towerdefensemain`.`events` (`Description`, `Conditions`, `CountOFConditions`, `Reward`, `Name`, `DateStart`) VALUES ('Нельзя стоять на месте, мы должны становиться сильнее!', '1)Получить прокачку«Щит в начале раунда» первого уровня 2)Получить прокачку«Увеличенная дальность башен» первого уровня', '2', '10000', 'Укрепляем позиции', '2023.07.07');

INSERT INTO `towerdefensemain`.`users_to_events` (`user_ID`, `event_ID`) VALUES ('1', '1');
INSERT INTO `towerdefensemain`.`users_to_events` (`user_ID`, `event_ID`) VALUES ('2', '3');
INSERT INTO `towerdefensemain`.`users_to_events` (`user_ID`, `event_ID`) VALUES ('4', '4');
INSERT INTO `towerdefensemain`.`users_to_events` (`user_ID`, `event_ID`) VALUES ('4', '2');
INSERT INTO `towerdefensemain`.`users_to_events` (`user_ID`, `event_ID`) VALUES ('5', '5');
INSERT INTO `towerdefensemain`.`users_to_events` (`user_ID`, `event_ID`) VALUES ('6', '2');
INSERT INTO `towerdefensemain`.`users_to_events` (`user_ID`, `event_ID`) VALUES ('7', '7');
INSERT INTO `towerdefensemain`.`users_to_events` (`user_ID`, `event_ID`) VALUES ('7', '9');
INSERT INTO `towerdefensemain`.`users_to_events` (`user_ID`, `event_ID`) VALUES ('8', '4');
INSERT INTO `towerdefensemain`.`users_to_events` (`user_ID`, `event_ID`) VALUES ('8', '8');

INSERT INTO `towerdefensemain`.`users_to_towers` (`user_ID`, `tower_ID`) VALUES ('1', '1');
INSERT INTO `towerdefensemain`.`users_to_towers` (`user_ID`, `tower_ID`) VALUES ('2', '5');
INSERT INTO `towerdefensemain`.`users_to_towers` (`user_ID`, `tower_ID`) VALUES ('3', '2');
INSERT INTO `towerdefensemain`.`users_to_towers` (`user_ID`, `tower_ID`) VALUES ('3', '1');
INSERT INTO `towerdefensemain`.`users_to_towers` (`user_ID`, `tower_ID`) VALUES ('5', '1');
INSERT INTO `towerdefensemain`.`users_to_towers` (`user_ID`, `tower_ID`) VALUES ('6', '1');
INSERT INTO `towerdefensemain`.`users_to_towers` (`user_ID`, `tower_ID`) VALUES ('6', '4');
INSERT INTO `towerdefensemain`.`users_to_towers` (`user_ID`, `tower_ID`) VALUES ('7', '3');
INSERT INTO `towerdefensemain`.`users_to_towers` (`user_ID`, `tower_ID`) VALUES ('8', '3');
INSERT INTO `towerdefensemain`.`users_to_towers` (`user_ID`, `tower_ID`) VALUES ('9', '8');

INSERT INTO `towerdefensemain`.`users_to_levels` (`user_ID`, `level_ID`) VALUES ('1', '13');
INSERT INTO `towerdefensemain`.`users_to_levels` (`user_ID`, `level_ID`) VALUES ('2', '45');
INSERT INTO `towerdefensemain`.`users_to_levels` (`user_ID`, `level_ID`) VALUES ('3', '23');
INSERT INTO `towerdefensemain`.`users_to_levels` (`user_ID`, `level_ID`) VALUES ('4', '87');
INSERT INTO `towerdefensemain`.`users_to_levels` (`user_ID`, `level_ID`) VALUES ('5', '12');
INSERT INTO `towerdefensemain`.`users_to_levels` (`user_ID`, `level_ID`) VALUES ('6', '14');
INSERT INTO `towerdefensemain`.`users_to_levels` (`user_ID`, `level_ID`) VALUES ('7', '56');
INSERT INTO `towerdefensemain`.`users_to_levels` (`user_ID`, `level_ID`) VALUES ('8', '18');
INSERT INTO `towerdefensemain`.`users_to_levels` (`user_ID`, `level_ID`) VALUES ('9', '20');
INSERT INTO `towerdefensemain`.`users_to_levels` (`user_ID`, `level_ID`) VALUES ('10', '10');

INSERT INTO `towerdefensemain`.`enemies_to_maps` (`enemy_ID`, `map_ID`) VALUES ('1', '1');
INSERT INTO `towerdefensemain`.`enemies_to_maps` (`enemy_ID`, `map_ID`) VALUES ('2', '2');
INSERT INTO `towerdefensemain`.`enemies_to_maps` (`enemy_ID`, `map_ID`) VALUES ('2', '3');
INSERT INTO `towerdefensemain`.`enemies_to_maps` (`enemy_ID`, `map_ID`) VALUES ('4', '1');
INSERT INTO `towerdefensemain`.`enemies_to_maps` (`enemy_ID`, `map_ID`) VALUES ('4', '2');
INSERT INTO `towerdefensemain`.`enemies_to_maps` (`enemy_ID`, `map_ID`) VALUES ('5', '8');
INSERT INTO `towerdefensemain`.`enemies_to_maps` (`enemy_ID`, `map_ID`) VALUES ('6', '3');
INSERT INTO `towerdefensemain`.`enemies_to_maps` (`enemy_ID`, `map_ID`) VALUES ('6', '6');
INSERT INTO `towerdefensemain`.`enemies_to_maps` (`enemy_ID`, `map_ID`) VALUES ('6', '9');
INSERT INTO `towerdefensemain`.`enemies_to_maps` (`enemy_ID`, `map_ID`) VALUES ('7', '2');

INSERT INTO `towerdefensemain`.`equipments_to_heroes` (`equipment_ID`, `hero_ID`) VALUES ('1', '1');
INSERT INTO `towerdefensemain`.`equipments_to_heroes` (`equipment_ID`, `hero_ID`) VALUES ('1', '3');
INSERT INTO `towerdefensemain`.`equipments_to_heroes` (`equipment_ID`, `hero_ID`) VALUES ('2', '5');
INSERT INTO `towerdefensemain`.`equipments_to_heroes` (`equipment_ID`, `hero_ID`) VALUES ('5', '4');
INSERT INTO `towerdefensemain`.`equipments_to_heroes` (`equipment_ID`, `hero_ID`) VALUES ('5', '3');
INSERT INTO `towerdefensemain`.`equipments_to_heroes` (`equipment_ID`, `hero_ID`) VALUES ('6', '2');
INSERT INTO `towerdefensemain`.`equipments_to_heroes` (`equipment_ID`, `hero_ID`) VALUES ('7', '4');
INSERT INTO `towerdefensemain`.`equipments_to_heroes` (`equipment_ID`, `hero_ID`) VALUES ('8', '6');
INSERT INTO `towerdefensemain`.`equipments_to_heroes` (`equipment_ID`, `hero_ID`) VALUES ('9', '2');
INSERT INTO `towerdefensemain`.`equipments_to_heroes` (`equipment_ID`, `hero_ID`) VALUES ('9', '10');

